{"cameraMode":{"drawMode":0,"name":"Shaded","section":"Shading Mode"},"sceneLighting":false,"audioPlay":false,"sceneViewState":{"showFog":true,"showMaterialUpdate":false,"showSkybox":false,"showFlares":true,"showImageEffects":true,"showParticleSystems":true},"in2DMode":false,"pivot":{"x":-13.024749755859375,"y":8.300000190734864,"z":31.093894958496095},"rotation":{"x":0.08326581120491028,"y":0.3340596854686737,"z":-0.029641613364219667,"w":0.9383998513221741},"size":9.793805122375489,"orthographic":true}