{"cameraMode":{"drawMode":0,"name":"Shaded","section":"Shading Mode"},"sceneLighting":true,"audioPlay":false,"sceneViewState":{"showFog":false,"showMaterialUpdate":false,"showSkybox":false,"showFlares":false,"showImageEffects":false,"showParticleSystems":false},"in2DMode":false,"pivot":{"x":0.3756256103515625,"y":8.943359375,"z":-14.150390625},"rotation":{"x":0.3948473036289215,"y":0.005470721982419491,"z":-0.0024737566709518434,"w":0.918755829334259},"size":109.20550537109375,"orthographic":true}