{"cameraMode":{"drawMode":0,"name":"Shaded","section":"Shading Mode"},"sceneLighting":true,"audioPlay":false,"sceneViewState":{"showFog":false,"showMaterialUpdate":false,"showSkybox":false,"showFlares":false,"showImageEffects":false,"showParticleSystems":false},"in2DMode":false,"pivot":{"x":-1.0688257217407227,"y":12.681804656982422,"z":2.3182449340820314},"rotation":{"x":0.198135644197464,"y":0.020581981167197229,"z":-0.004161460790783167,"w":0.9799500107765198},"size":137.59869384765626,"orthographic":false}